Product,Price
0.50 LB Grass Fed Beef Ribeye Steak Organic,$10.00
0.50 LB Grass Fed Beef Strip Loin Steak Organic,$10.00
0.75 LB Open Nature Natural Angus Beef Loin Strip Steak Boneless Grass Fed,$11.99
0.75 LB Open Nature Natural Beef Ribeye Steak Boneless Grass Fed,$12.74
0.75 LB USDA Choice Beef Ribeye Steak Boneless Thin,$7.33
1 LB Beef Top Sirloin Medallions,$10.49
1 LB Open Nature Natural Angus Beef Top Loin Steak Boneless Grass Fed,$15.99
1 LB USDA Choice Beef Bottom Round Steak,$3.97
1 LB USDA Choice Beef Bottom Round Steak Thin,$4.97
1 LB USDA Choice Beef Chuck Cross Rib Steak Boneless,$3.97
1 LB USDA Choice Beef Chuck Eye Steak Boneless,$6.99
1 LB USDA Choice Beef Cubed Steak,$3.99
1 LB USDA Choice Beef Eye Of Round Steak,$5.99
1 LB USDA Choice Beef Loin Top Sirloin Steak Boneless,$6.99
1 LB USDA Choice Beef Ribeye Steak Bone In Thin,$7.77
1 LB USDA Choice Beef Round Tip Steak,$3.97
1 LB USDA Choice Beef Sirloin Steak New York Cut,$7.99
1 LB USDA Choice Beef Tenderloin Steak Filet Mignon,$17.99
1 LB USDA Choice Beef Top Loin New York Strip Steak Bone In,$6.77
1 LB USDA Choice Beef Top Loin New York Strip Steak Boneless,$8.77
1 LB USDA Choice Beef Top Round Steak,$7.99
1 LB USDA Prime Beef Loin New York Strip Steak Boneless,$15.99
1 LB USDA Prime Beef Loin Tenderloin Steak,$19.99
1.50 LB USDA Choice Beef Chuck Blade Steak,$7.49
1.50 LB USDA Choice Beef Chuck Steak Boneless,$8.99
1.50 LB USDA Choice Beef Flat Iron Steak Boneless,$13.49
1.50 LB USDA Choice Beef Inside Skirt Steak Boneless,$14.99
1.50 LB USDA Choice Beef Loin T-Bone Steak,$10.16
1.50 LB USDA Choice Beef Top Sirloin Steak Boneless,$10.49
1.75 LB USDA Choice Beef Boneless Flank Steak,$17.48
2 LB USDA Choice Beef Chuck 7-Bone Steak,$9.98
2 LB USDA Choice Beef Loin T-Bone Steak,$13.54
2 LB USDA Choice Beef Loin Tri Tip Steak,$9.94
2 LB USDA Choice Beef Top Loin New York Strip Steak Bone In,$13.54
2 LB USDA Choice Beef Top Round Steak London Broil,$13.98
3 LB USDA Choice Beef Cross Rib Steak Boneless Extreme Value Pack,$8.91
3 LB USDA Choice Beef Round Bottom Round Steak Extreme Value Pack,$8.91
3.50 LB USDA Choice Beef Chuck Steak Boneless Extreme Value Pack,$17.47
3.50 LB USDA Choice Beef Loin Tri Tip Steak Boneless Extreme Value Pack,$13.90
3.50 LB USDA Choice Beef Top Loin New York Strip Steak Bone In Extreme Value Pack,$20.20
3.50 LB USDA Choice Beef Top Loin New York Strip Steak Boneless Extreme Value Pack,$27.20
3.50 LB USDA Choice Beef Top Round Steak Extreme Value Pack,$24.47
3.50 LB USDA Choice Beef Top Sirloin Steak Boneless Extreme Value Pack,$20.97
4 LB USDA Choice Beef Loin T-Bone Steak Extreme Value Pack,$23.08
4.50 LB USDA Choice Beef Chuck 7-Bone Steak Extreme Value Pack,$17.96
1 LB 80% Lean Ground Beef 20% Fat Tray Pack,$4.99
1 LB 80% Lean Ground Beef For Chili Fresh,$4.49
1 LB 80% Lean Ground Beef Patties 20% Fat 3.2 Oz,$10.00
1 LB 85% Lean Ground Beef 15% Fat,$3.27
1 LB 93% Lean Ground Beef 7% Fat Case Ready,$5.99
1 LB 96% Lean Ground Beef 4% Fat Case Ready,$6.49
1 LB 96% Lean Ground Beef 4% Tray Pack 4/1,$6.99
1.30 LB 80% Lean Ground Beef Market 20% Fat,$6.23
1.45 LB 93% Lean Ground Beef 7% Fat,$5.03
1.50 LB 85% Lean Ground Beef 15% Fat,$4.91
1.50 LB 85% Lean Ground Beef 15% Fat Patties 4/1,$8.99
1.50 LB 93% Lean Ground Beef 7% Fat,$5.21
2 LB Meatloaf,$10.00
3.50 LB 85% Lean Ground Beef 15% Fat Value Pack,$9.70
3.50 LB Fresh Ground Beef 93% Extra Lean Value Pack,$10.40
73% Lean Ground Beef 27% Fat Chub - 1 Lb,$3.99
73% Lean Ground Beef 27% Fat Chub - 3 Lb,$11.19
80% Lean Ground Beef 20% Fat Chub - 1 Lb,$5.09
93% Lean Ground Beef 7% Fat Chub - 1 Lb,$6.79
Butchers Cut 85% Lean Angus Ground Beef 15% Fat Grass Fed - 1 Lb,$5.99
Butchers Cut Angus Pure Grass Fed Ground Beef Patty 85% Lean 15% Fat - 16 Oz,$5.99
Great Range Bison Ground - 16 Oz,$12.39
Lauras Lean 92% Ground Beef - 1 Lb,$8.99
O Organics Organic Ground Beef Grass Fed 85% Lean 15% Fat - 16 Oz,$8.99
Open Nature Beef Ground Angus Grass Fed 93% Lean - 16 Oz,$8.99
Signature Farms Beef Patties 73% Lean 27% Fat - 40 Oz,$8.99
Signature Farms Beef Patties 80% Lean 20% Fat - 40 Oz,$10.09
Signature Farms Beef Patties 91% Lean 9% Fat - 40 Oz,$9.99
1 LB Chicken Livers Fresh,$1.59
1 LB Open Nature Chicken Tenders,$5.99
1 LB Red Bird Farms Chicken Breast Boneless Skinless Fresh,$6.99
1 LB Red Bird Farms Chicken Breast Strips Boneless Skinless,$6.99
1 LB Red Bird Farms Chicken Tenders Jumbo,$6.99
1 LB Sanderson Chicken Gizzards Fr,$1.69
1 LB Sanderson Farms Chicken Wingettes,$2.99
1.50 LB Chicken Breast Boneless With Asparagus And Cheddar Cheese,$7.50
1.50 LB Chicken Breast Stuffed W/Old Fashioned Stuffing,$7.50
1.50 LB Chicken Breasts Boneless Skinless Marinated,$3.74
1.50 LB Chicken Cordon Bleu,$7.50
1.50 LB Chicken Fajitas With Vegetables,$7.50
1.50 LB Chicken Fat,$1.19
1.50 LB Chicken Kabob Fresh,$7.50
1.50 LB Chicken Kabobs With Vegetables Prev Fz,$7.50
1.50 LB Open Nature Chicken Thighs Boneless Skinless,$5.99
1.50 LB Sanderson Chicken Breasts B / S,$6.74
1.50 LB Sanderson Chicken Drumsticks,$2.99
1.50 LB Sanderson Chicken Thighs Boneless Skinless,$5.24
2 LB Butchers Cut Chicken Breast Boneless Skinless,$5.98
2 LB Chicken Thighs Pollo Asado,$3.98
2 LB Red Bird Farm Lean Ground Chicken Breast,$9.98
2 LB Sanderson Chicken Thighs,$3.98
2 LB Sanderson Farms Chicken Wings,$5.98
2.50 LB Chicken Thighs,$4.23
2.50 LB Chicken Thighs Boneless Skinless,$4.98
3 LB Chicken Breasts Boneless Skinless,$5.97
4 LB Sanderson Farms Chicken Drumsticks Jumbo,$3.08
4.50 LB Sanderson Farms Chicken Breasts Split Jumbo,$8.96
4.50 LB Sanderson Farms Chicken Leg Quarters Jumbo,$3.47
4.50 LB Sanderson Farms Chicken Thighs Jumbo,$3.47
4.50 LB Sanderson Farms Chicken Wings Jumbo,$13.46
5 LB O Organics Whole Bag Fryer,$14.95
5.25 LB Open Nature Chicken Whole,$10.45
Chicken Enchilada 2 Pack - 16 Oz,$5.80
Chicken Pot Pie 6 Inch - 20 Oz,$5.80
Ff Saute Ready Asian Stir Fry Boneless Skinless Chicken - 28 Oz,$7.99
Ff Saute Ready Fajita Seasoned Boneless Skinless Chicken - 28 Oz,$7.99
Ff Saute Ready Garlic Herb Boneless Skinless Chicken - 28 Oz,$7.99
O Organics Organic Chicken Breast Boneless Skinless - 1 LB,$7.99
O Organics Organic Chicken Thighs Boneless Skinless Organic - 1 LB,$5.99
Open Nature Chicken Breast Boneless Skinless - 1.25 LB,$7.49
Open Nature Natural Chicken Breast Boneless Skinless Individual Wrapped - 2.25 Lb,$7.99
Sanderson Chicken Whole - 4.50 Lb,$3.47
Signature Farms Chicken Breast Boneless Skinless Frozen - 40 Oz,$4.99
Signature Farms Chicken Breast Boneless Skinless Value Pack - 3 LB,$8.97
Signature Farms Chicken Tenderloins Boneless Skinless - 40 Oz,$4.99
Signature Farms Chicken Thighs Boneless Skinless Value Pack - 3 LB,$7.47
Signature Farms Chicken Wings Frozen - 48 Oz,$8.49
Tyson Anytizers Spicy Chicken Twists - 22 Oz,$8.49
Tyson Chicken Breasts Boneless Skinless Frozen - 2.5 Lb,$5.99
Tyson Cornish Game Hens Twin Pack - 20 Oz,$6.99
Tyson Premium Selects Fully Cooked Breaded Chicken Nuggets - 20 Oz,$8.49
2 LB Turkey Drums,$4.38
2.50 LB Turkey Necks,$6.23
Jennie-O Turkey Store Ground Turkey Breast - 16 Oz,$6.79
Jennie-O Turkey Store Ground Turkey Italian Style - 16 Oz,$3.99
Jennie-O Turkey Store Ground Turkey Lean - 16 Oz,$3.99
Jennie-O Turkey Store Ground Turkey Taco Seasoned - 16 Oz,$6.79
Jennie-O Turkey Store Turkey Breakfast Sausage Links - 12 Oz,$3.99
Jennie-O Turkey Store Turkey Breast Cutlets - 1.1 Lb,$8.99
Jennie-O Turkey Store Turkey Burger Patties Lean - 16 Oz,$3.99
Jno 93/7 Lean Ground Turkey 3 Tray - 48 Oz,$13.49
Jno Ground Turkey 85/15 - 16 Oz,$5.59
Open Nature Turkey Ground - 16 Oz,$5.80
Turkey & Vegetable Pot Pie 6inch - 20 Oz,$5.80
1 LB Catfish Fillet Fresh,$8.99
1 LB Cod Alaskan Fillet Prev Fz,$6.99
1 LB Cod True Fillets Kosher Fresh,$9.99
1 LB Hawaiian Poke Tuna Salad Kit,$8.99
1 LB Rockfish Pacific Fillet Fresh,$8.99
1 LB Salmon Atlantic Steak Color Added Farmed Fresh,$8.99
1 LB Salmon Previously Frozen Fillet Sockeye,$12.99
1 LB Salmon Sockeye Alk Fil Wild Fz,$12.99
1 LB Salmon Sockeye Alk Fil Wild Previously Frozen,$12.99
1 LB Tilapia Fillet Fresh,$7.99
1 LB Tilapia Fillet Frozen,$3.99
1.50 LB Catfish Fillet Fresh,$13.49
1.50 LB Salmon Atlantic Fillet Color Added Farmed Fresh,$13.49
2 LB Salmon Sockeye Fillet Fresh,$25.98
Aqua Star Salmon Pacific Wild Fillet Frozen - 1.25 Lb,$7.89
Atlantic Salmon W/ Crab And Lobster Stuffing,$11.98
Cod Portion - 5 Oz,$3.99
Fresh Boneless Trout Fillet 5oz,$2.00
Fresh Trout Fillets Portions Farm Raised 5 Oz,$10.00
Great American Pollock Flts - 16 Oz,$3.99
Great American Seafood Sockeye Salmon Portions - 5 Oz,$3.99
Halibut Portions Fresh 5oz,$14.99
Open Nature Alaskan Cod Fillet Frozen - 12 Oz,$10.09
Open Nature Sockeye Salmon Fillet Frozen - 12 Oz,$8.99
Salmon Atlantic Portion 5 Oz Minimum Fresh,$10.00
Salmon Portion - 5 Oz,$3.99
Sig Kitchens Cod Fillet - 16 Oz,$3.99
Signature Kitchens Swai Fillet - 16 Oz,$3.99
Signature Kitchens Tilapia Fillets - 1 Lb,$3.99
Signature Oven Ready Garlic Herb Salmon W/Roasted Red Potatoes & Broccoli - 12 Oz,$5.80
Signature Oven Ready Southwestern Salmon W/ Rice & Beans - 12 Oz,$5.80
Signature Oven Ready Tilapia W/Pesto Butter - 12 Oz,$5.80
Signature Oven Ready True Cod W/Lemon Garlic Butter - 12 Oz,$5.80
0.75 LB Shrimp Ckd Lrg 31-40 Ct T-On Prv Fz,$7.49
0.75 LB Whitefish Fil Lk Superior Fr,$8.24
1 LB Shrimp And Crab Ceviche,$5.99
1 LB Shrimp Cooked 51 - 60 Count Tail On Frozen,$7.99
1 LB Shrimp Cooked 51-60 Count Medium Previously Frozen,$7.99
1 LB Shrimp Gulf Raw Jumbo 16-20 Ct,$9.99
1 LB Shrimp Kabob With Vegetables,$8.99
1 LB Shrimp Raw 21/25 Ct Ez Peel,$6.99
1 LB Shrimp Raw 21-25 Count Previously Frozen,$6.99
1 LB Shrimp Raw 31-40 Count Large Previously Frozen,$5.99
1 LB Shrimp Raw 51-60 Count Medium Previously Frozen,$4.99
1 LB Shrimp Raw Jumbo 16-20 Ct Prv Fz,$9.99
1 LB Shrimp Raw Lrg Peeled 31-40 Ct Prv Fz,$6.00
Half-Moon Shrimp Ring - 10 Oz,$5.00
Open Nature Cocktail Shrimp W/Sauce - 12 Oz,$11.99
Open Nature Shrimp Raw Wild Peeled & Deveined - 12 Oz,$14.59
Open Nature Shrimp Raw Wild-Caught Shell On Large - 12 Oz,$11.19
waterfrontBISTRO Shrimp Cooked Tail On 21-25 Count Jumbo Frozen - 2 Lb,$21.98
waterfrontBISTRO Shrimp Cooked Tail On 31-40 Count Large Frozen - 2 Lb,$19.98
waterfrontBISTRO Shrimp Cooked Tail On 51-60 Count Medium Frozen - 2 Lb,$15.98
waterfrontBISTRO Shrimp Raw 16-20 Count Frozen - 2 Lb,$19.98
waterfrontBISTRO Shrimp Raw Tail & Shell On 21-25 Count Jumbo Frozen - 2 Lb,$11.98
waterfrontBISTRO Shrimp Raw Tail & Shell On 31-40 Count Large Frozen - 2 Lb,$11.98
waterfrontBISTRO Shrimp Raw Tail & Shell On 51-60 Count Medium Frozen - 2 Lb,$9.98
waterfrontBISTRO Shrimp Ring Cooked Deveined With Cocktail Sauce 41-50 Count - 16 Oz,$8.99
waterfrontBISTRO Shrimp Ring Cooked Deveined With Cocktail Sauce 51-60 Count - 32 Oz,$14.99
Wfb Shrimp Raw 31-40 Ct P&D Tail On - 2 Lb,$10.00
0.50 LB Crab Spread With Jalapeno,$4.00
Crab Cakes Cajun - 1.12 Lb,$5.99
Crab Cakes Original,$4.88
Crab Cakes Original - 1.12 Lb,$5.99
Dockside Classics Fresh Never Frozen Crab Cakes - 12 Oz,$5.99
Dockside Classics Lobster Cakes Fresh - 12 Oz,$5.99
Louis Kemp Crab Delights Chunks - 8 Oz,$3.29
Louis Kemp Crab Delights Flakes - 8 Oz,$3.29
Louis Kemp Crab Delights Leg Style - 8 Oz,$3.29
Louis Kemp Lobster Delight Chunks Style - 8 Oz,$3.29
Signature Kitchens Seafood Crab Flavored Flake Style - 16 Oz,$3.29
Signature Oven Ready Shrimp Scampi W/Penne Pasta & Broccoli - 12 Oz,$5.80
waterfrontBISTRO Crab Meat Claw - 8 Oz,$10.09
waterfrontBISTRO Crab Meat Lump - 8 Oz,$15.79
0.50 LB Lamb Rib Chops Imported,$7.00
1 LB Lamb Loin Chops Imported,$7.99
1 LB Lamb Rib Roast Frenched Imported,$12.99
1 LB Lamb Shoulder Arm Chops Imported,$4.99
1 LB Lamb Shoulder Blade Chops Imported,$4.99
1 LB Open Nature Lamb Shoulder Neck Slices Imported,$4.99
1.00 LB Lamb Loin Chops,$7.99
2 LB Open Nature Lamb Loin Chops Value Pack,$13.98
4 LB Open Nature Lamb Leg Semi Boneless Imported,$23.96
1 LB Cooks Ham Steaks Smoked Water Added,$2.99
1.25 LB Smithfield Ham Quarter Boneless Sliced,$6.86
10 LB Hormel Cure 81 Ham Spiral Bone In Half,$29.90
2 LB Cooks Thick Cut Ham Steaks,$5.98
2.50 LB Smithfield Brown Sugar Quarter Boneless Sliced Ham,$13.73
2.50 LB Smoked Pork Hocks,$6.73
Smithfield Anytime Hickory Smoked Boneless Ham Steak - 8 Oz,$3.00
Smithfield Anytime Maple Boneless Ham Steak - 8 Oz,$3.00
Smithfield Boneless Ham Slices Fp - 16 Oz,$3.99
Smithfield Ham Anytime Diced - 8 Oz,$3.00
Smithfield Ham Anytime Sliced - 12 Oz,$3.99
Smithfield Pork Chops Smoked Boneless - 11.5 Oz,$6.99
1 LB Open Nature Pork Loin Chops Boneless,$5.99
1 LB Pork Loin Rib Chops Thin Cut,$3.99
1 LB Pork Loin Sirloin Chops Boneless Thin,$4.99
1 LB Pork Loin Top Loin Chops Boneless,$7.99
1 LB Pork Loin Top Loin Chops Boneless Thin Cut,$4.49
1.50 LB Eating Right Pork Loin Chop Boneless Extra Trimmed,$5.99
1.50 LB Pork Loin Assorted Chops Boneless,$4.49
1.50 LB Pork Loin Chops,$5.24
1.50 LB Pork Loin Chops,$5.24
1.50 LB Pork Loin Chops Stuffed W/Old Fashioned Stuffing Boneless,$7.50
1.50 LB Pork Loin Sirloin Chops,$3.74
1.50 LB Pork Loin Sirloin Chops Boneless,$6.74
1.50 LB Pork Loin Top Loin Chop Boneless,$5.99
1.50 LB Pork Shoulder Blade Steak Bone In,$3.74
2 LB Pork Loin Center Cut Chops Bone In Thick Cut,$6.98
2 LB Pork Loin Top Loin Chop Thin Value Pack,$7.98
2.50 LB Pork Loin Chops Thin Cut Value Pack,$8.73
3 LB Pork Loin Assorted Chops Thin Cut,$8.97
3 LB Pork Loin Top Loin Chop Boneless Value Pack,$8.97
3 LB Pork Shoulder Blade Steak Value Pack,$5.97
3.50 LB Pork Loin Assorted Chops,$8.72
3.50 LB Pork Loin Chops Bone In Value Pack,$10.47
3.50 LB Pork Sirloin Thin Cut Chops Vpc,$8.72
4 LB Pork Loin Assorted Chops Value Pack,$7.96
1 LB Open Nature Pork Tenderloin,$5.99
2 LB Open Nature Pork Loin Roast Boneless,$11.98
2 LB Pork Loin Sirloin Roast Boneless,$7.98
2 LB Pork Loin Tenderloin Whole,$9.98
2.50 LB Pork Loin Top Loin Roast Boneless,$6.23
3.50 LB Pork Shoulder Blade Roast Boneless,$10.47
4 LB Pork Loin Rib Center Roast,$11.96
4 LB Pork Sirloin Roast,$7.96
4.50 LB Eating Right Pork Tenderloins Boneless Extra Trimmed,$8.96
4.50 LB Pork Shoulder Blade Roast Bone In,$8.96
7 LB Pork Loin Boneless Whole,$13.93
9.50 LB Pork Shoulder Blade Whole,$18.91
Hormel Always Tender Pork Loin Filet Original - 1.5 Lb,$7.99
Hormel Always Tender Pork Loin Fillet Lemon Garlic - 1.5 Lb,$7.99
Hormel Always Tender Pork Tenderloin Peppercorn - 1.15 Lb,$7.99
Hormel Always Tender Pork Tenderloin Teriyaki - 1.15 Lb,$7.99
Bar-S Salami Cotto Lunchmeat - 8 Oz,$1.89
Beef Summer Sausage - 6 Oz,$4.49
Bridgdford Sliced Italian Salami - 5 Oz,$3.50
Bridgford Sliced Turkey Pepperoni - 4 Oz,$3.50
Farmer John Braunschweiger Original - 8 Oz,$2.30
Farmer John Liverwurst Original - 8 Oz,$2.30
Gallo Salame Italian Dry Provolone Cheese Deli Thin Sliced - 4.5 Oz,$3.49
Gallo Salame Italian Dry Salame - 16 Oz,$7.49
Gallo Salame Italian Dry Sliced - 7 Oz,$3.99
Gallo Salame Italian Dry Sliced Light 60% Less Fat - 7 Oz,$3.99
Gallo Salame Pepperoni Sliced - 7 Oz,$3.79
Hillshire Farm Summer Sausage Semi Dry - 20 Oz,$5.99
Hormel Natural Choice Hard Salami - 6 Oz,$5.59
Hormel Natural Choice Pillow Pack Pepperoni - 5 Oz,$4.49
Hormel Pepperoni Minis - 5 Oz,$4.49
Hormel Pepperoni Original - 3.5 Oz,$3.29
Hormel Pepperoni Original - 7 Oz,$4.49
Hormel Pepperoni Turkey - 6 Oz,$4.49
Hormel Pillow Pack Hard Salami - 5 Oz,$4.49
John Morrell Braunschweiger - 16 Oz,$3.29
Old Wisconsin Beef Snack Bite - 5 Oz,$5.59
Old Wisconsin Summer Sausage Premium Beef - 8 Oz,$5.59
Oscar Mayer Salami Cotto - 16 Oz,$3.99
Oscar Mayer Salami Hard - 8 Oz,$7.89
Pepperoni Snack Bites - 4 Oz,$4.49
Pepperoni Snack Sticks - 6 Oz,$4.49
S Farms Pepperoni Original - 6 Oz,$3.29
S Farms Pepperoni Turkey - 5 Oz,$3.29
1 LB Bacon Double Thick Peppered,$5.99
1 LB Bacon Double Thick Smoked,$5.99
1 LB Bacon Wrapped Jalapeno With Cream Cheese,$5.00
1 LB Bacon Wrapped Petite Sirloin,$5.00
1.50 LB Bacon Wrapped Pork Chop Boneless,$7.50
1.50 LB Bacon Wrapped Pork Tenderloin,$7.50
Applegate Bacon Slices Turkey - 8 Oz,$6.79
Applegate Farms Bacon Nitrate Free - 8 Oz,$6.79
Bar-S Bacon Smoked Sliced - 12 Oz,$3.99
Bar-S Bacon Thick Sliced - 12 Oz,$3.99
Butterball Everyday Turkey Bacon Thin & Crispy - 6 Oz,$2.19
Farmer John Bacon Smoked Sliced - 12 Oz,$4.99
Farmer John Bacon Smoked Thick Sliced - 12 Oz,$4.99
Farmer John Low Sodium Sliced Bacon - 12 Oz,$4.99
Farmer John Smoked Maple Bacon - 12 Oz,$4.99
Farmland Applewood Smoked Bacon - 12 Oz,$3.99
Farmland Bacon Hickory Smoked - 12 Oz,$3.99
Farmland Bacon Thick Sliced Hickory Smoked - 12 Oz,$3.99
Hormel Bacon Fully Cooked - 2.52 Oz,$5.59
Hormel Bacon Microwave Ready Original - 12 Oz,$8.49
Hormel Black Label Bacon Center Cut Regular - 12 Oz,$6.79
Hormel Black Label Bacon Original - 16 Oz,$6.79
Hormel Black Label Bacon Thick Sliced - 16 Oz,$6.79
Hormel Canadian Bacon Thick Slices - 6 Oz,$5.59
Hormel Natural Choice Bacon - 12 Oz,$6.79
Hormel Natural Choice Bacon Fully Cooked - 2.52 Oz,$5.59
Hormel Premium Black Label Bacon Cherrywood - 24 Oz,$10.09
Hormel Premium Black Label Bacon Pecanwood - 24 Oz,$10.09
Jennie-O Turkey Store Bacon Turkey Extra Lean - 12 Oz,$2.79
Jimmy Dean Premium Applewood Smoked Bacon - 12 Oz,$3.99
Jimmy Dean Premium Hickory Smoked Bacon - 12 Oz,$3.99
Land O Frost Breakfast Cuts Canadian Bacon Thick Sliced Natural Hickory Smoked - 7 Oz,$3.29
Oscar Mayer Bacon Center Cut Original - 12 Oz,$8.99
Oscar Mayer Bacon Hardwood Smoked - 16 Oz,$8.99
Oscar Mayer Bacon Regular Fully Cooked - 2.52 Oz,$5.59
Oscar Mayer Bacon Thick Cut Naturally Hardwood Smoked - 16 Oz,$8.99
Signature Farms Bacon Hickory Smoked Thick Slice Value Pack - 3 Lb,$13.99
Signature Farms Farms Thick Sliced Bacon 1.5 - 24 Oz,$7.89
Signature Farms Premium Sliced Bacon - 16 Oz,$5.09
Signature Farms Thick Sliced Bacon-Pepered 3 - 3 Lb,$13.99
Signature Premium Thick Sliced Bacon - 16 Oz,$5.09
Smithfiel Canadian Bacon - 6 Oz,$3.00
Smithfield Sliced Bacon - 12 Oz,$3.49
Smithfield Thick Slcd Bacon - 12 Oz,$3.49
Tyson Hickory Bacon - 16 Oz,$6.29
Wrights Bacon Applewood Sliced - 24 Oz,$11.19
Wrights Bacon Hickory Smoked Sliced - 1.5 Lb,$11.19
Butterball Natural Inspirations Sausage Turkey Breakfast Links - 8 Oz,$2.49
Butterball Natural Inspirations Sausage Turkey Breakfast Patties - 8 Oz,$2.49
Cacique Beef Chub Chorizo - 10 Oz,$1.25
Cacique Pork Chub Chorizo - 10 Oz,$1.25
Farmer John Natural Breakfast Link Maple - 12 Oz,$4.49
Farmer John Sausage Pork Links Old Fashioned Maple Skinless - 8 Oz,$2.79
Farmer John Sausage Pork Links Original - 8 Oz,$2.79
Jd Scrmbl Cup Bcn Chd Che - 5.35 Oz,$3.29
Jd Scrmbl Cup Mt Lvrs Chd Che - 5.35 Oz,$3.29
Jd Scrmbl Cup Prk Chd Che - 5.35 Oz,$3.29
Jennie-O Turkey Store Breakfast Sausage Roll Hot - 16 Oz,$5.59
Jennie-O Turkey Store Breakfast Sausage Turkey Mild Roll - 16 Oz,$5.59
Jimmy Dean All Natural Regular Pork Sausage - 16 Oz,$3.99
Jimmy Dean Fully Cooked Patties Maple - 9.6 Oz,$3.99
Jimmy Dean Original Sausage Crumbles Fully Cooked - 9.6 Oz,$3.99
Jimmy Dean Sausage Crumbles Hearty Turkey Fully Cooked - 9.6 Oz,$3.99
Jimmy Dean Sausage Pork Original Links - 9.6 Oz,$3.99
Jimmy Dean Sausage Pork Patties Original - 9.6 Oz,$3.99
Jimmy Dean Sausage Pork Premium Hot - 16 Oz,$3.99
Jimmy Dean Sausage Pork Premium Maple - 16 Oz,$3.99
Jimmy Dean Sausage Pork Premium Regular - 16 Oz,$3.99
Jimmy Dean Sausage Pork Premium Sage - 16 Oz,$3.99
Jimmy Dean Sausage Turkey Links - 9.6 Oz,$3.99
Jimmy Dean Sausage Turkey Patties Cooked - 9.6 Oz,$3.99
Johnsonville Breakfast Sausage Patties Original Recipe - 12 Oz,$3.49
Johnsonville Sausage Breakfast Links Original Recipe - 12 Oz,$3.49
Johnsonville Sausage Breakfast Links Vermont Maple - 12 Oz,$3.49
Johnsonville Sausage Links Fully Cooked Reg - 9.6 Oz,$3.49
Johnsonville Sausage Links Fully Cooked Turkey - 9.6 Oz,$3.49
Man Cave Breakfast Sausage With Bacon - 16 Oz,$3.99
Signature Farms Sausage Pork Country Style - 16 Oz,$3.99
Signature Farms Sausage Pork Country Style Hot - 16 Oz,$3.99
Smth Brkfst Roll Ssg Orig - 16 Oz,$2.99
1 LB Del Real Beef Chorizo,$3.99
1 LB Pork Chorizo,$2.99
Aidells Sausage Chicken Apple - 12 Oz,$3.99
Aidells Sausage Chicken Italian Style With Mozzarella Cheese - 12 Oz,$3.99
Aidells Sausage Chicken Roasted Garlic & Gruyere Cheese - 12 Oz,$3.99
Aidells Sausage Pork Cajun Andouille - 12 Oz,$3.99
Al Fresco Roasted Garlic Chicken Sausage - 12 Oz,$3.49
Al Fresco Roasted Pepper & Asiago Chicken Sausage - 12 Oz,$3.49
Al Fresco Sweet Apple Chicken Sausage - 12 Oz,$3.49
Bar-S Sausage Cheddar Jalapeno - 42 Oz,$8.99
Bar-S Sausage Hot Links - 12 Oz,$2.79
Bar-S Sausage Smoked Classic - 13 Oz,$2.49
Bar-S Sausage Smoked Classic Family Pack 14 Count - 40 Oz,$5.49
Bar-S Sausage Smoked Polish Skinless - 40 Oz,$5.49
Bar-S Sausage Smoked Polska Kielbasa - 13 Oz,$2.49
Bridgford Summer Sausage - 16 Oz,$5.49
Butterball Everyday Turkey Sausage Smoked - 14 Oz,$2.49
Denmark Jalapeno Cheddar Pork Sausage Links 4 Oz,$3.50
Earl Campbell Beef Hot Link - 14 Oz,$3.49
Earl Campbell Beef Sausage Rope - 12 Oz,$3.49
Earl Campbell Red Hot Links - 14 Oz,$2.49
Earl Campbell Smoked Sausage Rope - 13 Oz,$2.49
Eck Bacon Ceddar Lnk - 13 Oz,$3.00
Eck Jal/Ched Smk Lnk - 14 Oz,$3.00
Farmer John Louisana Brand Hot Smoked Sausage Links - 42 Oz,$5.99
Hillshire Farm Beef Litl Smokies - 12 Oz,$3.99
Hillshire Farm Cjn Andouille Sausage - 13 Oz,$3.99
Hillshire Farm Hot Links Beef - 13.5 Oz,$3.99
Hillshire Farm LitL Smokies Sausage Smoked - 14 Oz,$3.99
Hillshire Farm LitL Smokies Smoked Sausage Cheddar - 13 Oz,$3.99
Hillshire Farm Polska Kielbasa Beef - 12 Oz,$4.49
Hillshire Farm Sausage Kielbasa Polska Smoked - 14 Oz,$3.99
Hillshire Farm Sausage Links Smoked Beef - 13.5 Oz,$3.99
Hillshire Farm Sausage Links Smoked Cheddar Wurst - 13.5 Oz,$3.99
Hillshire Farm Sausage Polska Kielbasa - 14 Oz,$3.99
Hillshire Farm Sausage Polska Kielbasa Turkey - 13 Oz,$3.99
Hillshire Farm Sausage Rope Smoked Turkey - 13 Oz,$3.99
Hillshire Farm Sausage Smoked - 14 Oz,$3.99
Hillshire Farm Sausage Smoked Beef - 12 Oz,$4.49
Jennie-O Turkey Store Turkey Kielbasa Lean - 14 Oz,$2.99
Jennie-O Turkey Store Turkey Sausage Italian Hot Lean - 19.5 Oz,$5.80
Jennie-O Turkey Store Turkey Sausage Italian Sweet Lean - 19.5 Oz,$5.80
Jennie-O Turkey Store Turkey Sausage Lean Smoked - 14 Oz,$2.99
Johnsonville Beef Hot Links - 12 Oz,$4.49
Johnsonville Beef Smoke Brat - 12 Oz,$4.49
Johnsonville Bratwurst Original - 19.76 Oz,$5.59
Johnsonville Bratwurst Stadium Style - 14 Oz,$4.49
Johnsonville Sausage Ground Italian Hot - 16 Oz,$4.49
Johnsonville Sausage Ground Italian Mild - 16 Oz,$4.49
Johnsonville Sausage Italian Hot - 19.76 Oz,$5.59
Johnsonville Sausage Italian Mild - 19.76 Oz,$5.59
Johnsonville Sausage Italian Sweet - 19.76 Oz,$5.59
Johnsonville Sausage Smoked Beddar With Cheddar - 14 Oz,$4.49
Johnsonville Sausage Smoked Jalapeno & Cheese - 14 Oz,$4.49
Man Cave Horseshoe Jalapeno Cheddar - 14 Oz,$3.99
Man Cave Moonshine & Bbq Seasoned Chicken Sausage - 12 Oz,$3.99
Open Nature Sausage Chicken Mild Italian - 12 Oz,$6.29
Open Nature Sausage Chicken Roasted Red Pepper & Garlic - 12 Oz,$6.29
Open Nature Sausage Chicken Smoked Andouille - 12 Oz,$6.29
Open Nature Sausage Chicken Spinach & Feta - 12 Oz,$6.29
Papa Cantellas Andouille Link Sausage 4 Ounce,$3.50
Papa Cantellas Beer Bratwurst Link Sausage 4 Ounce,$4.00
Papa Cantellas Bratwurst Link Sausage 4 Ounce,$4.00
Papa Cantellas Brick Pork Chorizo - 16 Oz,$4.49
Papa Cantellas Brick Pork Sausage - 16 Oz,$4.49
Papa Cantellas Hot Italian Link Sausage 4 Ounce,$3.50
Papa Cantellas Jalapeno & Cheese Link Sausage 4 Ounce,$3.50
Papa Cantellas Mild Italian Link Sausage 4 Ounce,$3.50
Papa Cantellas Sausage 10 Count,$10.00
Papa Cantellas Sausage Italian Hot Brick - 16 Oz,$4.49
Papa Cantellas Sausage Italian Mild Brick - 16 Oz,$4.49
Teton Waters Ranch Bratwurst Uncured Jalapeno Cheddar - 12 Oz,$8.99
Teton Waters Ranch Uncured Polish Beef Sausage - 12 Oz,$8.99
Applegate Farms Natural Beef Hot Dog - 10 Oz,$6.79
Ball Park Bun Size Beef Hot Dogs - 30 Oz,$13.49
Ball Park Cheddar Franks - 14 Oz,$3.49
Ball Park Franks - 15 Oz,$3.49
Ball Park Franks Angus Beef - 14 Oz,$4.99
Ball Park Franks Angus Beef Bun Size - 14 Oz,$4.99
Ball Park Franks Beef - 16 Oz,$4.49
Ball Park Franks Beef Bun Length - 16 Oz,$4.49
Ball Park Franks Bun Size - 16 Oz,$3.49
Ball Park Franks White Turkey Fat Free - 14 Oz,$4.49
Bar-S Franks Bun Length Classic - 12 Oz,$1.25
Bar-S Franks Bun Length Classic - 16 Oz,$1.89
Bar-S Franks Bun Length Family Pack 24 Count - 48 Oz,$5.59
Bar-S Franks Chicken And Pork - 12 Oz,$1.25
Bar-S Franks Jumbo - 16 Oz,$1.89
Bar-S Franks Jumbo Turkey - 16 Oz,$1.89
Bar-S Franks Premium Beef Bun Size - 16 Oz,$4.49
Farmer John Jumbo Meat Wieners - 14 Oz,$1.25
Farmer John Premium Beef Franks - 14 Oz,$5.09
Hebrew National Franks Beef - 12 Oz,$6.79
Hebrew National Franks Beef 97% Fat Free - 11 Oz,$6.79
Hebrew National Franks Beef Jumbo - 12 Oz,$6.79
Hebrew National Franks Beef Reduced Fat - 11 Oz,$6.79
Hebrew National Franks Family Pack - 34.3 Oz,$12.49
Hebrew National Franks Quarter Pound Beef - 16 Oz,$7.89
Jenn-O Turkey Frank - 12 Oz,$1.59
Nathans Cheese Franks - 12 Oz,$5.99
Nathans Famous Franks Beef Angus - 11 Oz,$5.99
Nathans Famous Franks Beef Bigger Than The Bun - 12 Oz,$5.99
Nathans Famous Franks Beef Dinner - 12 Oz,$5.99
Nathans Famous Franks Beef Jumbo - 14 Oz,$5.99
Oscar Mayer Beef Franks - 15 Oz,$4.49
Oscar Mayer Franks Beef Bun Length - 15 Oz,$4.49
Oscar Mayer Franks Cheese - 16 Oz,$4.49
Oscar Mayer Franks Meat - 16 Oz,$3.49
Oscar Mayer Franks Turkey Smoked Hardwood - 16 Oz,$3.49
Oscar Mayer Wieners Bun Length - 16 Oz,$3.49
Teton Waters Ranch Uncured Beef Frankfurters - 10 Oz,$8.49
Vienna Beef Classic Chicago Franks - 12 Oz,$5.49
Vienna Franks Beef Jumbo - 12 Oz,$5.49
